"","cyl","wt.avg","sd","n","prop"
"1",4,2.28572727272727,0.569563708624258,11,0.34375
"2",6,3.11714285714286,0.356345538567754,7,0.21875
"3",8,3.99921428571429,0.759404744476927,14,0.4375